{"accuracy": [0.6743749976158142, 0.7028124928474426, 0.7006250023841858, 0.7018749713897705, 0.7056249976158142, 0.7009375095367432, 0.7018749713897705, 0.6971874833106995, 0.7021874785423279, 0.703125], "loss": [7.18594217300415, 0.634265124797821, 0.6190792322158813, 0.6109020113945007, 0.6069110631942749, 0.6119173765182495, 0.6109715104103088, 0.6651543378829956, 0.6167623996734619, 0.6075724959373474], "val_accuracy": [0.7306249737739563, 0.7300000190734863, 0.7331249713897705, 0.7300000190734863, 0.7243750095367432, 0.7243750095367432, 0.7281249761581421, 0.7275000214576721, 0.731249988079071, 0.7325000166893005], "val_loss": [0.6518324017524719, 0.6022521257400513, 0.5877444744110107, 0.5865196585655212, 0.5906879305839539, 0.5877761840820312, 0.5876672863960266, 0.5818334817886353, 0.5832847952842712, 0.5822817087173462]}